work_id,work_title,work_alttitle,work_opus,work_identifier,work_mvtitle,work_mvnum,work_yearbegun,work_yearcompleted,work_yearpublished,work_yearpremiered,work_genre,work_form,work_measures,work_relatedto,work_note,work_wiki,work_imslp,work_viaf,era_id,comp_id,key_id,time_id,tempo_id,B.,Op.
,Forget-me-not Polka in C major,Polka pomněnka C dur,,B. 1,,,1854,1854,,,Piano,,,,,,,,10,70,,,,1,
,Mass in B♭ major,Mše B dur,,B. 2,,,1857,1858,,,Choral,,,,lost,,,,10,70,,,,2,
,Per Pedes Polka,Polka per pedes,,B. 2bis,,,1859,1859,,,Piano,,,,,,,,10,70,,,,2bis,
,Polka in E major,Polka E dur,,B. 3,,,1860,1860,,,Piano,,,,,,,,10,70,,,,3,
,The Woman Harpist,Harfenice,,B. 4,,,1862,1862,,,Orchestral,,,,lost; polka,,,,10,70,,,,4,
,Polka,Polka,,B. 5,,,1861,1861,,,Orchestral,,,,lost,,,,10,70,,,,5,
,Gallop,Galop,,B. 6,,,1861,1861,,,Orchestral,,,,lost,,,,10,70,,,,6,
,String Quintet No. 1 in A minor,Smyčcový kvintet č. 1 a moll,Op. 1,B. 7,,,1861,1861,,,Chamber music,,,,,,,,10,70,,,,7,1
,String Quartet No. 1 in A major,Smyčcový kvartet č. 1 A dur,Op. 2,B. 8,,,1862,1862,,,Chamber music,,,,,,,,10,70,,,,8,2
,"Symphony No. 1 in C minor ""The Bells of Zlonice""",Symfonie č. 1 c moll „Zlonické zvony“,Op. 3,B. 9,I. Maestoso — allegro,1,1865,1865,1961,1936,Orchestral,,,,,https://en.wikipedia.org/wiki/Symphony_No._1_(Dvo%C5%99%C3%A1k),"https://imslp.org/wiki/Symphony_No.1,_B.9_(Dvo%C5%99%C3%A1k,_Anton%C3%ADn)",,10,70,C minor,2/2,Allegro,9,3
,"Symphony No. 1 in C minor ""The Bells of Zlonice""",Symfonie č. 1 c moll „Zlonické zvony“,Op. 3,B. 9,II. Adagio di molto,2,1865,1865,1961,1936,Orchestral,,,,,https://en.wikipedia.org/wiki/Symphony_No._1_(Dvo%C5%99%C3%A1k),"https://imslp.org/wiki/Symphony_No.1,_B.9_(Dvo%C5%99%C3%A1k,_Anton%C3%ADn)",,10,70,Ab major,2/4,Adagio di molto,9,3
,"Symphony No. 1 in C minor ""The Bells of Zlonice""",Symfonie č. 1 c moll „Zlonické zvony“,Op. 3,B. 9,III. Allegretto,3,1865,1865,1961,1936,Orchestral,,,,,https://en.wikipedia.org/wiki/Symphony_No._1_(Dvo%C5%99%C3%A1k),"https://imslp.org/wiki/Symphony_No.1,_B.9_(Dvo%C5%99%C3%A1k,_Anton%C3%ADn)",,10,70,C minor,2/4,Allegretto,9,3
,"Symphony No. 1 in C minor ""The Bells of Zlonice""",Symfonie č. 1 c moll „Zlonické zvony“,Op. 3,B. 9,IV. Finale. Allegro animato,4,1865,1865,1961,1936,Orchestral,,,,,https://en.wikipedia.org/wiki/Symphony_No._1_(Dvo%C5%99%C3%A1k),"https://imslp.org/wiki/Symphony_No.1,_B.9_(Dvo%C5%99%C3%A1k,_Anton%C3%ADn)",,10,70,C major,2/4,Allegro animato,9,3
,Cello Concerto in A major,Koncert pro violoncello a orchestr A dur,,B. 10,,,1865,1865,,,Concertante,,,,orchestrated by Jarmil Burghauser,,,,10,70,,,,10,
,Cypresses,Cypřiše,,B. 11,,,1865,1865,,,Vocal,,,,"18 songs on poems by Gustav Pfleger Moravský; selections revised in 1881-82, B. 123 and in 1888, B. 160; selections arranged for string quartet in 1887, B. 152",,,,10,70,,,,11,
,Cypresses,Cypřiše,,B. 152,,,1887,1887,,,Chamber music,,,,"arrangement of B. 11 nos. 6, 3, 2, 8, 12, 7, 9, 14, 4, 16, 17 and 18; original for voice and piano",,,,10,70,,,,152,
,Symphony No. 2 in B♭ major,Symfonie č. 2 B dur,Op. 4,B. 12,I. Allegro con moto,1,1865,1865,1955,1888,Orchestral,,,,Revised in 1887,https://en.wikipedia.org/wiki/Symphony_No._2_(Dvo%C5%99%C3%A1k),"https://imslp.org/wiki/Symphony_No.2,_Op.4_%28Dvo%C5%99%C3%A1k,_Anton%C3%ADn%29",,10,70,Bb major,2/4,Allegro con moto,12,4
,Symphony No. 2 in B♭ major,Symfonie č. 2 B dur,Op. 4,B. 12,II. Poco adagio,2,1865,1865,1955,1888,Orchestral,,,,Revised in 1888,https://en.wikipedia.org/wiki/Symphony_No._2_(Dvo%C5%99%C3%A1k),"https://imslp.org/wiki/Symphony_No.2,_Op.4_%28Dvo%C5%99%C3%A1k,_Anton%C3%ADn%29",,10,70,G minor,12/8,Poco adagio,12,4
,Symphony No. 2 in B♭ major,Symfonie č. 2 B dur,Op. 4,B. 12,III. Scherzo. Allegro con brio,3,1865,1865,1955,1888,Orchestral,,,,Revised in 1889,https://en.wikipedia.org/wiki/Symphony_No._2_(Dvo%C5%99%C3%A1k),"https://imslp.org/wiki/Symphony_No.2,_Op.4_%28Dvo%C5%99%C3%A1k,_Anton%C3%ADn%29",,10,70,Bb major,3/4,Allegro con brio,12,4
,Symphony No. 2 in B♭ major,Symfonie č. 2 B dur,Op. 4,B. 12,IV. Finale. Allegro con fuoco,4,1865,1865,1955,1888,Orchestral,,,,Revised in 1890,https://en.wikipedia.org/wiki/Symphony_No._2_(Dvo%C5%99%C3%A1k),"https://imslp.org/wiki/Symphony_No.2,_Op.4_%28Dvo%C5%99%C3%A1k,_Anton%C3%ADn%29",,10,70,Bb major,2/2,Allegro con fuoco,12,4
,2 Songs,Dvě písně pro baryton a klavír,,B. 13,,,1865,1865,,,Vocal,,,,,,,,10,70,,,,13,
,Clarinet Quintet in B♭ minor,Kvintet pro klarinet a smyčce b moll,,B. 14,,,1865,1869,,,Chamber music,,,,lost,,,,10,70,,,,14,
,7 Interludes,Sedm meziaktních skladeb,,B. 15,,,1867,1867,,,Orchestral,,,,,,,,10,70,,,,15,
,Serenade,Serenáda,,B. 15bis,,,1867,1867,,,Chamber music,,,,,,,,10,70,,,,15bis,
,Alfred,Alfred,,B. 16,,,1870,1870,,,Opera,,,,heroic opera in 3 acts; libretto by Carl Theodor Körner,,,,10,70,,,,16,
,"Tragic (Dramatic) Overture
in B♭ minor",Tragická (Dramatická) ouvertura b moll,,B. 16a,,,1870,1870,,,Orchestral,,,,"overture to the opera B. 16, Alfred",,,,10,70,,,,16a,
,String Quartet No. 2 in B♭ major,Smyčcový kvartet č. 2 B dur,,B. 17,,,1869,1869,,,Chamber music,,,,,,,,10,70,,,,17,
,String Quartet No. 3 in D major,Smyčcový kvartet č. 3 D dur,,B. 18,,,1869,1869,,,Chamber music,,,,,,,,10,70,,,,18,
,String Quartet No. 4 in E minor,Smyčcový kvartet č. 4 e moll,,B. 19,,,1870,1870,,,Chamber music,,,,,,,,10,70,,,,19,
,Cello Sonata in F minor,Violoncellová sonáta f moll,,B. 20,,,1871,1871,,,Chamber music,,,,lost,,,,10,70,,,,20,
,King and Charcoal Burner,Král a uhlíř,Op. 14,B. 21,,,1871,1871,,,Opera,,,,comic opera in 3 acts; libretto by Bernard J. Lobeský; 1st version; formerly Op. 12,,,,10,70,,,,21,14
,King and Charcoal Burner,Král a uhlíř,Op. 14,B. 42,,,1874,1874,,,Opera,,,,"comic opera in 3 acts; libretto by Bernard J. Lobeský; 2nd version; revised in 1887, B. 151",,,,10,70,,,,42,14
,King and Charcoal Burner,Král a uhlíř,Op. 14/III,B. 151,,,1887,1887,,,Opera,,,,"revision of B. 42, act III",,,,10,70,,,,151,14/III
,Concert Overture in F major,Koncertní ouvertura F dur,Op. 14/0,B. 21a,,,1871,1871,,,Orchestral,,,,"overture to the opera B. 21, King and Charcoal Burner [1]",,,,10,70,,,,21a,14/0
,Potpourri on King and Charcoal Burner [1],Motivy z opery „Král a uhlíř“ [1],,B. 22,,,1871,1873,,,Piano,,,,,,,,10,70,,,,22,
,Songs on Words by Eliška Krásnohorská,Písně na slova Elišky Krásnohorské,Op. 9A,B. 23,,,1871,1871,,,Vocal,,,,5 songs; nos. 2 and 4 published as nos. 1 and 2 in Op. 9,,,,10,70,,,,23,9A
,The Orphan,Sirotek,Op. 5A/1,B. 24,,,1871,1871,,,Vocal,,,,song after a ballad by Karel Jaromír Erben,,,,10,70,,,,24,5A/1
,Rosmarine,Rozmarýna,Op. 5A/2,B. 24bis,,,1871,1871,,,Vocal,,,,song after a poem by Karel Jaromír Erben,,,,10,70,,,,24bis,5A/2
,Piano Trio,Klavírní trio,,B. 25,,,1871,1872,,,Chamber music,,,,lost; formerly Op. 13/1,,,,10,70,,,,25,
,Piano Trio,Klavírní trio,,B. 26,,,1871,1872,,,Chamber music,,,,lost; formerly Op. 13/2,,,,10,70,,,,26,
,The Heirs of the White Mountain,Dědicové bilé hory,Op. 30,B. 27,,,1872,1872,,,Choral,,,,"secular cantata after a poem by Vítězslav Hálek; revised in 1880, B. 102 and in 1883, B. 134;
formerly Op. 4",,,,10,70,,,,27,30
,The Heirs of the White Mountain,Dědicové bílé hory,Op. 30,B. 102,,,1880,1880,,,Choral,,,,secular cantata after a poem by Vítězslav Hálek; 1st revision of B. 27,,,,10,70,,,,102,30
,The Heirs of the White Mountain,Dědicové bílé hory,Op. 30,B. 134,,,1884,1884,,,Choral,,,,secular cantata after a poem by Vítězslav Hálek; 2nd revision of B. 27,,,,10,70,,,,134,30
,Piano Quintet No. 1 in A major,Klavírní kvintet č. 1 A dur,Op. 5,B. 28,,,1872,1872,,,Chamber music,,,,,,,,10,70,,,,28,5
,4 Songs on Serbian Folk Poems,Čtyři písně na slova srbské lidové poezie,Op. 6,B. 29,,,1872,1872,,,Vocal,,,,,,,,10,70,,,,29,6
,"Songs from the ""Dvůr Králové"" Manuscript
(""Queen's Court"")",Písně z rukopisu „Královédvorského“,Op. 7,B. 30,,,1872,1872,,,Vocal,,,,6 songs,,,,10,70,,,,30,7
,"3 Nocturnes
2. May Night","Tři nokturna
2. Májová noc",,B. 31,,,1872,1872,,,Orchestral,,,,others lost; nocturne B. 47 may be one of these,,,,10,70,,,,31,
,Silhouettes,Silhouetty,Op. 8,B. 32,,,1872,1872,,,Piano,,,,"12 pieces; revised in 1879, B. 98",,,,10,70,,,,32,8
,Violin Sonata in A minor,Houslová sonáta a moll,,B. 33,,,1873,1873,,,Chamber music,,,,lost,,,,10,70,,,,33,
,Symphony No. 3 in E♭ major,Symfonie č. 3 Es dur,Op. 10,B. 34,I. Allegro moderato,1,1873,1873,1911,1874,Orchestral,,,,,https://en.wikipedia.org/wiki/Symphony_No._3_(Dvo%C5%99%C3%A1k),"https://imslp.org/wiki/Symphony_No.3,_Op.10_(Dvo%C5%99%C3%A1k,_Anton%C3%ADn)",,10,70,Eb major,6/8,Allegro moderato,34,10
,Symphony No. 3 in E♭ major,Symfonie č. 3 Es dur,Op. 10,B. 34,"II. Adagio molto, tempo di marcia",2,1873,1873,1911,1874,Orchestral,,,,,https://en.wikipedia.org/wiki/Symphony_No._3_(Dvo%C5%99%C3%A1k),"https://imslp.org/wiki/Symphony_No.3,_Op.10_(Dvo%C5%99%C3%A1k,_Anton%C3%ADn)",,10,70,C# minor,2/4,"Adagio molto, tempo di marcia",34,10
,Symphony No. 3 in E♭ major,Symfonie č. 3 Es dur,Op. 10,B. 34,III. Finale. Allegro vivace,3,1873,1873,1911,1874,Orchestral,,,,,https://en.wikipedia.org/wiki/Symphony_No._3_(Dvo%C5%99%C3%A1k),"https://imslp.org/wiki/Symphony_No.3,_Op.10_(Dvo%C5%99%C3%A1k,_Anton%C3%ADn)",,10,70,Eb major,2/4,Allegro vivace,34,10
,Romeo and Juliet Overture,"Romeo a Julia, předehra",,B. 35,,,1873,1873,,,Orchestral,,,,lost,,,,10,70,,,,35,
,Octet (Serenade),Oktet (Serenáda),,B. 36,,,1873,1873,,,Chamber music,,,,lost,,,,10,70,,,,36,
,String Quartet No. 5 in F minor,Smyčcový kvartet č. 5 f moll,Op. 9,B. 37,,,1873,1873,,,Chamber music,,,,,,,,10,70,,,,37,9
,Romance in F minor,Romance f moll pro housle a klavír,Op. 11a,B. 38,,,1873,1873,,,Chamber music,,,,"orchestrated in 1873, B. 39",,,,10,70,,,,38,11a
,Romance in F minor,Romance f moll pro housle a orchestr,Op. 11,B. 39,,,1873,1873,,,Concertante,,,,orchestration of B. 38,,,,10,70,,,,39,11
,String Quartet No. 6 in A minor,Smyčcový kvartet č. 6 a moll,Op. 12,B. 40,,,1873,1873,,,Chamber music,,,,,,,,10,70,,,,40,12
,Andante appassionato in F major,Andante appassionato f dur,,B. 40a,,,1873,1873,,,Chamber music,,,,,,,,10,70,,,,40a,
,Symphony No. 4 in D minor,Symfonie č. 4 d moll,Op. 13,B. 41,I. Allegro,1,1874,1874,1912,1874,Orchestral,,,,Revised in 1887-1888,https://en.wikipedia.org/wiki/Symphony_No._4_(Dvo%C5%99%C3%A1k),"https://imslp.org/wiki/Symphony_No.4,_Op.13_(Dvo%C5%99%C3%A1k,_Anton%C3%ADn)",,10,70,D minor,3/4,Allegro,41,13
,Symphony No. 4 in D minor,Symfonie č. 4 d moll,Op. 13,B. 41,II. Andante sostenuto e molto cantabile,2,1874,1874,1912,1874,Orchestral,,,,Revised in 1887-1888,https://en.wikipedia.org/wiki/Symphony_No._4_(Dvo%C5%99%C3%A1k),"https://imslp.org/wiki/Symphony_No.4,_Op.13_(Dvo%C5%99%C3%A1k,_Anton%C3%ADn)",,10,70,Bb major,4/4,Andante sostenuto e molto cantabile,41,13
,Symphony No. 4 in D minor,Symfonie č. 4 d moll,Op. 13,B. 41,III Scherzo. Allegro feroce — trio,3,1874,1874,1912,1874,Orchestral,,,,Revised in 1887-1888,https://en.wikipedia.org/wiki/Symphony_No._4_(Dvo%C5%99%C3%A1k),"https://imslp.org/wiki/Symphony_No.4,_Op.13_(Dvo%C5%99%C3%A1k,_Anton%C3%ADn)",,10,70,D minor,6/4,Allegro feroce,41,13
,Symphony No. 4 in D minor,Symfonie č. 4 d moll,Op. 13,B. 41,IV. Allegro con brio,4,1874,1874,1912,1874,Orchestral,,,,Revised in 1887-1888,https://en.wikipedia.org/wiki/Symphony_No._4_(Dvo%C5%99%C3%A1k),"https://imslp.org/wiki/Symphony_No.4,_Op.13_(Dvo%C5%99%C3%A1k,_Anton%C3%ADn)",,10,70,D minor,2/4,Allegro con brio,41,13
,Potpourri on King and Charcoal Burner [2],Motivy z opery „Král a uhlíř“ [2],,B. 43,,,1874,1875,,,Piano,,,,,,,,10,70,,,,43,
,Symphonic Poem (Rhapsody) in A minor,Symfonická báseň (Rapsodie) a moll,Op. 14A,B. 44,,,1874,1874,,,Orchestral,,,,symphonic poem,,,,10,70,,,,44,14A
,String Quartet No. 7 in A minor,Smyčcový kvartet č. 7 a moll,Op. 16,B. 45,,,1874,1874,,,Chamber music,,,,,,,,10,70,,,,45,16
,The Stubborn Lovers,Tvrdé palice,Op. 17,B. 46,,,1874,1874,,,Opera,,,,comic opera in 1 act; libretto by Josef Štolba,,,,10,70,,,,46,17
,Nocturne in B major,Nokturno H dur pro smyčce,Op. 40,B. 47,,,1875,1875,,,Orchestral,,,,"arranged for violin and piano in 1883, B. 48a and for piano 4-hands in 1883, B. 48b",,,,10,70,,,,47,40
,Nocturne in B major,Nokturno H dur pro housle a klavír,Op. 40,B. 48a,,,1883,1883,,,Chamber music,,,,arrangement of B. 47,,,,10,70,,,,48a,40
,Nocturne in B major,Nokturno H dur,Op. 40,B. 48b,,,1882,1882,,,Piano,,,,arrangement of B. 47,,,,10,70,,,,48b,40
,String Quintet No. 2 in G major,Smyčcový kvintet č. 2 G dur,Op. 77,B. 49,,,1875,1875,,,Chamber music,,,,formerly Op. 18,,,,10,70,,,,49,77
,Moravian Duets,Moravské dvojzpěvy,Op. 20,B. 50,,,1875,1875,,,Vocal,,,,4 duets,,,,10,70,,,,50,20
,Moravian Duets,Moravské dvojzpěvy,Op. 32,B. 60,,,1876,1876,,,Vocal,,,,"5 duets; nos. 2 and 3 arranged for female chorus in 1880, B. 107; formerly Op. 29",,,,10,70,,,,60,32
,Moravian Duets,Moravské dvojzpěvy,Op. 32,B. 62,,,1876,1876,,,Vocal,,,,"9 duets; nos. 7, 10 and 13 arranged for female chorus in 1880, B. 107",,,,10,70,,,,62,32
,Moravian Duets,Moravské dvojzpěvy,Op. 38,B. 69,,,1877,1877,,,Vocal,,,,4 duets,,,,10,70,,,,69,38
,Moravian Duets,Moravské dvojzpěvy,"Op. 32/7,10,
13,2,3",B. 107,,,1880,1880,,,Choral,,,,"arrangement of B. 62 and 60 nos. 7, 10, 13, 2 and 3",,,,10,70,,,,107,"32/7,10,
13,2,3"
,Piano Trio No. 1 in B♭ major,Klavírní trio č. 1 B dur,Op. 21,B. 51,,,1875,1875,,,Chamber music,,,,,,,,10,70,,,,51,21
,Serenade for Strings in E major,Smyčcová serenáda E dur,Op. 22,B. 52,,,1875,1875,,,Orchestral,,,,,,,,10,70,,,,52,22
,Piano Quartet No. 1 in D major,Klavírní kvartet č. 1 D dur,Op. 23,B. 53,,,1875,1875,,,Chamber music,,,,,,,,10,70,,,,53,23
,Symphony No. 5 in F major,Symfonie č. 5 F dur,Op. 76,B. 54,I. Allegro ma non troppo,1,1875,1875,1888,1879,Orchestral,,,,Formerly Op. 24. Revised in 1887,https://en.wikipedia.org/wiki/Symphony_No._5_(Dvo%C5%99%C3%A1k),"https://imslp.org/wiki/Symphony_No.5,_Op.76_(Dvo%C5%99%C3%A1k,_Anton%C3%ADn)",,10,70,F major,2/4,Allegro ma non troppo,54,76
,Symphony No. 5 in F major,Symfonie č. 5 F dur,Op. 76,B. 54,II. Andante con moto,2,1875,1875,1888,1879,Orchestral,,,,Formerly Op. 24. Revised in 1888,https://en.wikipedia.org/wiki/Symphony_No._5_(Dvo%C5%99%C3%A1k),"https://imslp.org/wiki/Symphony_No.5,_Op.76_(Dvo%C5%99%C3%A1k,_Anton%C3%ADn)",,10,70,A minor,3/8,Andante con moto,54,76
,Symphony No. 5 in F major,Symfonie č. 5 F dur,Op. 76,B. 54,III. Scherzo. Allegro scherzando,3,1875,1875,1888,1879,Orchestral,,,,Formerly Op. 24. Revised in 1889,https://en.wikipedia.org/wiki/Symphony_No._5_(Dvo%C5%99%C3%A1k),"https://imslp.org/wiki/Symphony_No.5,_Op.76_(Dvo%C5%99%C3%A1k,_Anton%C3%ADn)",,10,70,Bb major,3/8,Allegro scherzando,54,76
,Symphony No. 5 in F major,Symfonie č. 5 F dur,Op. 76,B. 54,IV. Finale. Allegro molto,4,1875,1875,1888,1879,Orchestral,,,,Formerly Op. 24. Revised in 1890,https://en.wikipedia.org/wiki/Symphony_No._5_(Dvo%C5%99%C3%A1k),"https://imslp.org/wiki/Symphony_No.5,_Op.76_(Dvo%C5%99%C3%A1k,_Anton%C3%ADn)",,10,70,F major,4/4,Allegro molto,54,76
,Vanda,Vanda,Op. 25,B. 55,,,1875,1875,,,Opera,,,,tragic opera in 5 acts; libretto by František Zákrejs,,,,10,70,,,,55,25
,Piano Trio No. 2 in G minor,Klavírní trio č. 2 g moll,Op. 26,B. 56,,,1876,1876,,,Chamber music,,,,,,,,10,70,,,,56,26
,String Quartet No. 8 in E major,Smyčcový kvartet č. 8 E dur,Op. 80,B. 57,,,1876,1876,,,Chamber music,,,,formerly Op. 27,,,,10,70,,,,57,80
,2 Minuets in A♭ and F major,Dva menuety,Op. 28,B. 58,,,1876,1876,,,Piano,,,,,,,,10,70,,,,58,28
,4 Choruses,Čtyři sbory pro smíšené hlasy,Op. 29,B. 59,,,1876,1876,,,Choral,,,,4 choruses after poems by Adolf Heyduk and folk songs compiled by František Sušil,,,,10,70,,,,59,29
,Evening Songs,Večerní písně,Op. 3A,B. 61a,,,1876,1876,,,Vocal,,,,6 songs after poems by Vítězslav Hálek; nos. 5-6 originally published in Op. 9; see Op. 31,,,,10,70,,,,61a,3A
,Evening Songs,Večerní písně,Op. 31,B. 61b,,,1876,1876,,,Vocal,,,,6 songs after poems by Vítězslav Hálek,,,,10,70,,,,61b,31
,Piano Concerto in G minor,Koncert pro klavír a orchestr g moll,Op. 33,B. 63,,,1876,1876,,,Concertante,,,,,,,,10,70,,,,63,33
,Dumka in D minor,Dumka d moll,Op. 35,B. 64,,,1876,1876,,,Piano,,,,,,,,10,70,,,,64,35
,Theme and Variations in A♭ major,Tema con variazioni,Op. 36,B. 65,,,1876,1876,,,Piano,,,,,,,,10,70,,,,65,36
,Choral Songs,Sborové písně pro mužské hlasy,,B. 66,,,1877,1877,,,Choral,,,,3 choruses after poems by Adolf Heyduk and folk songs compiled by František Sušil,,,,10,70,,,,66,
,The Cunning Peasant,Šelma sedlák,Op. 37,B. 67,,,1877,1877,,,Opera,,,,comic opera in 2 acts; libretto by Josef Otakar Veselý,,,,10,70,,,,67,37
,"Overture to The Cunning Peasant
in A major","Šelma sedlák, předehra k opeře
A dur",Op. 37/0,B. 67a,,,1877,1877,,,Orchestral,,,,overture to the opera B. 67,,,,10,70,,,,67a,37/0
,Ave Maria,Ave Maria,Op. 19b/1,B. 68,,,1877,1877,,,Vocal,,,,,,,,10,70,,,,68,19b/1
,"Symphonic Variations
in C major",Symfonické variace z písně „Já jsem huslař“,Op. 78,B. 70,,,1877,1877,,,Orchestral,,,,,,,,10,70,,,,70,78
,Stabat Mater,Stabat Mater,Op. 58,B. 71,,,1876,1877,,,Choral,,,,"oratorio in 1 part after the Latin hymn attributed to Jacopone da Todi:
I. nos. 1-10",,,,10,70,,,,71,58
,Bouquet of Czech Folksongs,Kytice z českých národních písní,Op. 41A,B. 72,,,1877,1877,,,Choral,,,,4 choruses after Czech and Moravian folk songs,,,,10,70,,,,72,41A
,Song of a Czech,Píseň Čecha,,B. 73,,,1877,1877,,,Choral,,,,chorus after a poem by František Jaroslav Vacek Kamenický,,,,10,70,,,,73,
,Scottish Dances in D minor,Skotské tance,Op. 41,B. 74,,,1877,1877,,,Piano,,,,,,,,10,70,,,,74,41
,String Quartet No. 9 in D minor,Smyčcový kvartet č. 9 d moll,Op. 34,B. 75,,,1877,1877,,,Chamber music,,,,dedicated to Johannes Brahms,,,,10,70,,,,75,34
,From a Bouquet of Slavonic Folksongs,Z kytice národních písní slovanských,Op. 43,B. 76,,,1877,1878,,,Choral,,,,3 choruses after Slovak folk songs; arranged for piano 4-hands by Josef Zubaty,,,,10,70,,,,76,43
,Serenade for Wind Instruments in D minor,Serenáda pro dechové nástroje d moll,Op. 44,B. 77,,,1878,1878,,,Chamber music,,,,,,,,10,70,,,,77,44
,"Slavonic Dances, Series I",Slovanské tance 1. řada,Op. 46,B. 78,1. Furiant,1,1878,1878,1878,1893,Piano,,,,"8 pieces; orchestrated in 1878, B. 83; no. 2 arranged for violin and piano in 1891, B. 170; nos. 3 and 8 arranged for cello and piano in 1891, B. 172",https://en.wikipedia.org/wiki/Slavonic_Dances,https://imslp.org/wiki/Slavonic_Dances%2C_Op.46_(Dvo%C5%99%C3%A1k%2C_Anton%C3%ADn),,10,70,C major,3/4,Presto,78,46
,"Slavonic Dances, Series I",Slovanské tance 1. řada,Op. 46,B. 78,"2. Dumka
",2,1878,1878,1878,1893,Piano,,,,"8 pieces; orchestrated in 1878, B. 83; no. 2 arranged for violin and piano in 1891, B. 170; nos. 3 and 8 arranged for cello and piano in 1891, B. 172",https://en.wikipedia.org/wiki/Slavonic_Dances,https://imslp.org/wiki/Slavonic_Dances%2C_Op.46_(Dvo%C5%99%C3%A1k%2C_Anton%C3%ADn),,10,70,E minor,2/4,Allegretto scherzando–Allegro vivo,78,46
,"Slavonic Dances, Series I",Slovanské tance 1. řada,Op. 46,B. 78,3. Sousedská,3,1878,1878,1878,1893,Piano,,,,"8 pieces; orchestrated in 1878, B. 83; no. 2 arranged for violin and piano in 1891, B. 170; nos. 3 and 8 arranged for cello and piano in 1891, B. 172",https://en.wikipedia.org/wiki/Slavonic_Dances,https://imslp.org/wiki/Slavonic_Dances%2C_Op.46_(Dvo%C5%99%C3%A1k%2C_Anton%C3%ADn),,10,70,Ab major,2/4,Poco Allegro,78,46
,"Slavonic Dances, Series I",Slovanské tance 1. řada,Op. 46,B. 78,4. Sousedská,4,1878,1878,1878,1893,Piano,,,,"8 pieces; orchestrated in 1878, B. 83; no. 2 arranged for violin and piano in 1891, B. 170; nos. 3 and 8 arranged for cello and piano in 1891, B. 172",https://en.wikipedia.org/wiki/Slavonic_Dances,https://imslp.org/wiki/Slavonic_Dances%2C_Op.46_(Dvo%C5%99%C3%A1k%2C_Anton%C3%ADn),,10,70,F major,3/4,Tempo di menuetto,78,46
,"Slavonic Dances, Series I",Slovanské tance 1. řada,Op. 46,B. 78,5. Skocná,5,1878,1878,1878,1893,Piano,,,,"8 pieces; orchestrated in 1878, B. 83; no. 2 arranged for violin and piano in 1891, B. 170; nos. 3 and 8 arranged for cello and piano in 1891, B. 172",https://en.wikipedia.org/wiki/Slavonic_Dances,https://imslp.org/wiki/Slavonic_Dances%2C_Op.46_(Dvo%C5%99%C3%A1k%2C_Anton%C3%ADn),,10,70,A major,2/4,Allegro vivace,78,46
,"Slavonic Dances, Series I",Slovanské tance 1. řada,Op. 46,B. 78,6. Polka,6,1878,1878,1878,1893,Piano,,,,"8 pieces; orchestrated in 1878, B. 83; no. 2 arranged for violin and piano in 1891, B. 170; nos. 3 and 8 arranged for cello and piano in 1891, B. 172",https://en.wikipedia.org/wiki/Slavonic_Dances,https://imslp.org/wiki/Slavonic_Dances%2C_Op.46_(Dvo%C5%99%C3%A1k%2C_Anton%C3%ADn),,10,70,D major,3/4,Allegretto scherzando,78,46
,"Slavonic Dances, Series I",Slovanské tance 1. řada,Op. 46,B. 78,7. Skocná,7,1878,1878,1878,1893,Piano,,,,"8 pieces; orchestrated in 1878, B. 83; no. 2 arranged for violin and piano in 1891, B. 170; nos. 3 and 8 arranged for cello and piano in 1891, B. 172",https://en.wikipedia.org/wiki/Slavonic_Dances,https://imslp.org/wiki/Slavonic_Dances%2C_Op.46_(Dvo%C5%99%C3%A1k%2C_Anton%C3%ADn),,10,70,C minor,2/4,Allegro assai,78,46
,"Slavonic Dances, Series I",Slovanské tance 1. řada,Op. 46,B. 78,8. Furiant,8,1878,1878,1878,1893,Piano,,,,"8 pieces; orchestrated in 1878, B. 83; no. 2 arranged for violin and piano in 1891, B. 170; nos. 3 and 8 arranged for cello and piano in 1891, B. 172",https://en.wikipedia.org/wiki/Slavonic_Dances,https://imslp.org/wiki/Slavonic_Dances%2C_Op.46_(Dvo%C5%99%C3%A1k%2C_Anton%C3%ADn),,10,70,G minor,3/4,Presto,78,46
,"Slavonic Dances, Series I",Slovanské tance 1. řada,Op. 46,B. 83,1. Furiant,1,1878,1878,1878,1878,Orchestral,,,,orchestration of B. 78,https://en.wikipedia.org/wiki/Slavonic_Dances,https://imslp.org/wiki/Slavonic_Dances%2C_Op.46_(Dvo%C5%99%C3%A1k%2C_Anton%C3%ADn),,10,70,C major,3/4,Presto,83,46
,"Slavonic Dances, Series I",Slovanské tance 1. řada,Op. 46,B. 83,"2. Dumka
",2,1878,1878,1878,1878,Orchestral,,,,orchestration of B. 78,https://en.wikipedia.org/wiki/Slavonic_Dances,https://imslp.org/wiki/Slavonic_Dances%2C_Op.46_(Dvo%C5%99%C3%A1k%2C_Anton%C3%ADn),,10,70,E minor,2/4,Allegretto scherzando–Allegro vivo,83,46
,"Slavonic Dances, Series I",Slovanské tance 1. řada,Op. 46,B. 83,3. Sousedská,3,1878,1878,1878,1878,Orchestral,,,,orchestration of B. 78,https://en.wikipedia.org/wiki/Slavonic_Dances,https://imslp.org/wiki/Slavonic_Dances%2C_Op.46_(Dvo%C5%99%C3%A1k%2C_Anton%C3%ADn),,10,70,Ab major,2/4,Poco Allegro,83,46
,"Slavonic Dances, Series I",Slovanské tance 1. řada,Op. 46,B. 83,4. Sousedská,4,1878,1878,1878,1878,Orchestral,,,,orchestration of B. 78,https://en.wikipedia.org/wiki/Slavonic_Dances,https://imslp.org/wiki/Slavonic_Dances%2C_Op.46_(Dvo%C5%99%C3%A1k%2C_Anton%C3%ADn),,10,70,F major,3/4,Tempo di menuetto,83,46
,"Slavonic Dances, Series I",Slovanské tance 1. řada,Op. 46,B. 83,5. Skocná,5,1878,1878,1878,1878,Orchestral,,,,orchestration of B. 78,https://en.wikipedia.org/wiki/Slavonic_Dances,https://imslp.org/wiki/Slavonic_Dances%2C_Op.46_(Dvo%C5%99%C3%A1k%2C_Anton%C3%ADn),,10,70,A major,2/4,Allegro vivace,83,46
,"Slavonic Dances, Series I",Slovanské tance 1. řada,Op. 46,B. 83,6. Polka,6,1878,1878,1878,1878,Orchestral,,,,orchestration of B. 78,https://en.wikipedia.org/wiki/Slavonic_Dances,https://imslp.org/wiki/Slavonic_Dances%2C_Op.46_(Dvo%C5%99%C3%A1k%2C_Anton%C3%ADn),,10,70,D major,3/4,Allegretto scherzando,83,46
,"Slavonic Dances, Series I",Slovanské tance 1. řada,Op. 46,B. 83,7. Skocná,7,1878,1878,1878,1878,Orchestral,,,,orchestration of B. 78,https://en.wikipedia.org/wiki/Slavonic_Dances,https://imslp.org/wiki/Slavonic_Dances%2C_Op.46_(Dvo%C5%99%C3%A1k%2C_Anton%C3%ADn),,10,70,C minor,2/4,Allegro assai,83,46
,"Slavonic Dances, Series I",Slovanské tance 1. řada,Op. 46,B. 83,8. Furiant,8,1878,1878,1878,1878,Orchestral,,,,orchestration of B. 78,https://en.wikipedia.org/wiki/Slavonic_Dances,https://imslp.org/wiki/Slavonic_Dances%2C_Op.46_(Dvo%C5%99%C3%A1k%2C_Anton%C3%ADn),,10,70,G minor,3/4,Presto,83,46
,Bagatelles in G minor,Maličkosti,Op. 47,B. 79,,,1878,1878,,,Chamber music,,,,,,,,10,70,,,,79,47
,String Sextet in A major,Smyčcový sextet A dur,Op. 48,B. 80,,,1878,1878,,,Chamber music,,,,,,,,10,70,,,,80,48
,Capriccio in C major,Capriccio pro housle a klavír,Op. 24,B. 81,,,1878,1878,,,Chamber music,,,,,,,,10,70,,,,81,24
,Hymnus ad laudes in festo Sanctae Trinitatis,Hymnus k Nejsvětější Trojici,Op. 19b/2,B. 82,,,1878,1878,,,Vocal,,,,,,,,10,70,,,,82,19b/2
,3 Modern Greek Songs,Tři novořecké básně,,B. 84a,,,1878,1878,,,Vocal,,,,lost; see B. 84b Op. 50,,,,10,70,,,,84a,
,3 Modern Greek Songs,Tři novořecké básně,Op. 50,B. 84b,,,1878,1878,,,Vocal,,,,,,,,10,70,,,,84b,50
,2 Furiants in D and F major,Dva furianty,Op. 42,B. 85,,,1878,1878,,,Piano,,,,,,,,10,70,,,,85,42
,"3 Slavonic Rhapsodies
D major
G minor
A♭ major","Slovanské rapsodie
D dur
g moll
As dur",Op. 45,B. 86,,,1878,1878,,,Orchestral,,,,,,,,10,70,,,,86,45
,5 Choruses,Pět sborů pro mužské hlasy,Op. 27,B. 87,,,1878,1878,,,Choral,,,,5 choruses after Lithuanian folk songs translated by František Ladislav Čelakovský,,,,10,70,,,,87,27
,Festival March in C major,Slavnostní pochod,Op. 54A,B. 88,,,1879,1879,,,Orchestral,,,,,,,,10,70,,,,88,54A
,Mazurka in E minor,Mazurek pro housle a klavír,Op. 49,B. 89,,,1879,1879,,,Chamber music,,,,"orchestrated in 1879, B. 90",,,,10,70,,,,89,49
,Mazurka in E minor,Mazurek pro housle a orchestr,Op. 49,B. 90,,,1879,1879,,,Concertante,,,,orchestration of B. 89,,,,10,70,,,,90,49
,Psalm 149,Žalm č. 149,Op. 79a,B. 91,,,1879,1879,,,Choral,,,,"sacred cantata after the biblical text; arranged for mixed chorus in 1887, B. 154",,,,10,70,,,,91,79a
,Psalm 149,Žalm č. 149,Op. 79,B. 154,,,1887,1887,,,Choral,,,,sacred cantata after the biblical text; arrangement of B. 91,,,,10,70,,,,154,79
,"String Quartet No. 10 in E♭ major ""Slavonic""",Smyčcový kvartet č. 10 Es dur „Slovanský“,Op. 51,B. 92,,,1878,1879,,,Chamber music,,,,,,,,10,70,,,,92,51
,Czech Suite in D major,Česká suita D dur,Op. 39,B. 93,,,1879,1879,,,Orchestral,,,,,,,,10,70,,,,93,39
,Polonaise in A major,Polonéza A dur pro violoncello a klavír,,B. 94,,,1879,1879,,,Chamber music,,,,,,,,10,70,,,,94,
,Ave maris stella,Ave maris stella,Op. 19b/3,B. 95a,,,1879,1879,,,Vocal,,,,,,,,10,70,,,,95a,19b/3
,O sanctissima dulcis virgo Maria!,O sanctissima dulcis virgo Maria!,Op. 19a,B. 95b,,,1879,1879,,,Vocal,,,,"arranged for soprano, alto and organ in 1890, B. 95b bis",,,,10,70,,,,95b,19a
,O sanctissima dulcis virgo Maria!,O sanctissima dulcis virgo Maria!,Op. 19a/1,B. 95b bis,,,1890,1890,,,Vocal,,,,arrangement of B. 95b,,,,10,70,,,,95b bis,19a/1
,Violin Concerto in A minor,Koncert pro housle a orchestr a moll,Op. 53,B. 96,,,1879,1879,,,Concertante,,,,1st version of B. 108,,,,10,70,,,,96,53
,Violin Concerto in A minor,Koncert pro housle a orchestr a moll,Op. 53,B. 108,,,1880,1880,,,Concertante,,,,2nd version of B. 96; revised 1882,,,,10,70,,,,108,53
,"Vanda,
Concert Overture
in G minor","Vanda, koncertní ouvertura g moll",Op. 25/0,B. 97,,,1879,1879,,,Orchestral,,,,"overture to the opera B. 55, Vanda",,,,10,70,,,,97,25/0
,12 Silhouettes,Dvanáct silhouett,Op. 8,B. 98,,,1879,1879,,,Piano,,,,revision of B. 32,,,,10,70,,,,98,8
,Prague Waltzes in D major,Pražské valčíky,,B. 99,,,1879,1879,,,Orchestral,,,,,,,,10,70,,,,99,
,Polonaise in E♭ major,Polonéza Es dur,,B. 100,,,1879,1879,,,Orchestral,,,,,,,,10,70,,,,100,
,8 Waltzes,Osm valčíků,Op. 54,B. 101,,,1879–80,1879–80,,,Piano,,,,"8 pieces; nos. 1 and 4 arranged for string quartet in 1880, B. 105; orchestrated by Jarmil Burghauser",,,,10,70,,,,101,54
,4 Eclogues,Čtyři eklogy,Op. 56A,B. 103,,,1880,1880,,,Piano,,,,4 pieces; no. 1 used as no. 5 in Op. 56,,,,10,70,,,,103,56A
,Gypsy Songs,Cigánské melodie,Op. 55,B. 104,,,1880,1880,,,Vocal,,,,"7 songs after poems by Adolf Heyduk; includes ""Songs My Mother Taught Me""",,,,10,70,,,,104,55
,2 Waltzes in A and D major,Dva valčíky,"Op. 54/1,4",B. 105,,,1880,1880,,,Chamber music,,,,arrangement of B. 101 nos. 1 and 4,,,,10,70,,,,105,"54/1,4"
,Sonata in F major,Sonata F dur pro housle a klavír,Op. 57,B. 106,,,1880,1880,,,Chamber music,,,,,,,,10,70,,,,106,57
,4 Album Leaves,Čtyři lístky do památníku,,B. 109,,,1880,1880,,,Piano,,,,4 pieces,,,,10,70,,,,109,
,6 Piano Pieces,Šest klavírních skladeb,Op. 52,B. 110,,,1880,1880,,,Piano,,,,6 pieces,,,,10,70,,,,110,52
,6 Mazurkas,Šest mazurek,Op. 56,B. 111,,,1880,1880,,,Piano,,,,6 pieces,,,,10,70,,,,111,56
,Symphony No. 6 in D major,Symfonie č. 6 D dur,Op. 60,B. 112,I. Allegro non tanto,1,1880,1880,1882,1881,Orchestral,,,,,https://en.wikipedia.org/wiki/Symphony_No._6_(Dvo%C5%99%C3%A1k),"https://imslp.org/wiki/Symphony_No.6,_Op.60_(Dvo%C5%99%C3%A1k,_Anton%C3%ADn)",,10,70,D major,3/4,Allegro non tanto,112,60
,Symphony No. 6 in D major,Symfonie č. 6 D dur,Op. 60,B. 112,II. Adagio,2,1880,1880,1882,1881,Orchestral,,,,,https://en.wikipedia.org/wiki/Symphony_No._6_(Dvo%C5%99%C3%A1k),"https://imslp.org/wiki/Symphony_No.6,_Op.60_(Dvo%C5%99%C3%A1k,_Anton%C3%ADn)",,10,70,Bb major,2/4,Adagio,112,60
,Symphony No. 6 in D major,Symfonie č. 6 D dur,Op. 60,B. 112,III. Scherzo (Furiant). Presto,3,1880,1880,1882,1881,Orchestral,,,,,https://en.wikipedia.org/wiki/Symphony_No._6_(Dvo%C5%99%C3%A1k),"https://imslp.org/wiki/Symphony_No.6,_Op.60_(Dvo%C5%99%C3%A1k,_Anton%C3%ADn)",,10,70,D minor,3/4,Presto,112,60
,Symphony No. 6 in D major,Symfonie č. 6 D dur,Op. 60,B. 112,IV. Finale. Allegro con spirito,4,1880,1880,1882,1881,Orchestral,,,,,https://en.wikipedia.org/wiki/Symphony_No._6_(Dvo%C5%99%C3%A1k),"https://imslp.org/wiki/Symphony_No.6,_Op.60_(Dvo%C5%99%C3%A1k,_Anton%C3%ADn)",,10,70,D major,2/2,Allegro con spirito,112,60
,Children's Song,Dětská píseň,,B. 113,,,1880,1880,,,Vocal,,,,,,,,10,70,,,,113,
,"Polka ""For Prague Students"" in B♭ major",Polka pro orchestr „Pražským akademikům“,Op. 53A/1,B. 114,,,1880,1880,,,Orchestral,,,,,,,,10,70,,,,114,53A/1
,Ballad of King Matthias,Balada Krále Matyáše,Op. 14/I/7,B. 115,,,1881,1881,,,Opera,,,,"ballad to the opera B. 42, King and Charcoal Burner [2]",,,,10,70,,,,115,14/I/7
,Moderato in A major,Moderato A dur,,B. 116,,,1881,1881,,,Piano,,,,,,,,10,70,,,,116,
,Legends,Legendy,Op. 59,B. 117,,,1881,1881,,,Piano,,,,"10 pieces; orchestrated in 1881, B. 122",,,,10,70,,,,117,59
,Legends,Legendy,Op. 59,B. 122,,,1881,1881,,,Orchestral,,,,orchestration of B. 117,,,,10,70,,,,122,59
,There on Our Roof ...,Na tej našej střeše ...,,B. 118,,,1881,1881,,,Vocal,,,,duet after Moravian folk song,,,,10,70,,,,118,
,Gallop in E major,Kvapík E dur,Op. 53A/2,B. 119,,,1881,1881,,,Orchestral,,,,,,,,10,70,,,,119,53A/2
,Quartet Movement in F major,Kvartetní věta F dur,,B. 120,,,1881,1881,,,Chamber music,,,,,,,,10,70,,,,120,
,String Quartet No. 11 in C major,Smyčcový kvartet č. 11 C dur,Op. 61,B. 121,,,1881,1881,,,Chamber music,,,,,,,,10,70,,,,121,61
,6 (Love) Songs on Poems by Gustav Pfleger Moravský,Šest písní na slova Gustava Pflegra Moravského,Op. 2A,B. 123,,,1881–82,1881–82,,,Vocal,,,,"revision of B. 11 nos. 1, 5, 9, 8, 13 and 11 from Cypresses; revised again in 1881–82, B.124",,,,10,70,,,,123,2A
,4 (Love) Songs on Poems by Gustav Pfleger Moravský,Čtyři písně na slova Gustava Pflegra Moravského,Op. 2A,B. 124,,,1881–82,1881–82,,,Vocal,,,,"revision of B. 123 nos. 1, 5, 11 and 13 from Cypresses; see Op. 83;
4 songs nos. 1-4",,,,10,70,,,,124,2A
,Josef Kajetán Tyl,Josef Kajetán Tyl,Op. 62,B. 125,,,1881–82,1881–82,,,Orchestral,,,,incidental music for the play by František Ferdinand Šamberk,,,,10,70,,,,125,62
,"My Home
in C major","Domov můj C dur, předehra ke hře Josef Kajetán Tyl",Op. 62/0,B. 125a,,,1882,1882,,,Orchestral,,,,"overture to the play Josef Kajetán Tyl, B. 125",,,,10,70,,,,125a,62/0
,In Nature's Realm,V přírodě,Op. 63,B. 126,,,1882,1882,,,Choral,,,,5 choruses after poems by Vítězslav Hálek,,,,10,70,,,,126,63
,Dimitrij,Dimitrij,Op. 64,B. 127,,,1881–82,1881–82,,,Opera,,,,tragic opera in 4 acts (historical); libretto by Marie Červinková-Riegrová; 1st version of B. 186,,,,10,70,,,,127,64
,Dimitrij,Dimitrij,Op. 64,B. 186,,,1894,1894,,,Opera,,,,tragic opera in 4 acts (historical); libretto by Marie Červinková-Riegrová; 2nd version of B. 127,,,,10,70,,,,186,64
,Overture to Dimitrij in E-flat minor,"Dimitrij, předehra k opeře es moll",Op. 64/0,B. 127a,,,1882,1882,,,Orchestral,,,,overture to the opera B. 127,,,,10,70,,,,127a,64/0
,2 Evening Songs,Dvě večerní písně,"Op. 3A/2,3",B. 128,,,1882,1882,,,Vocal,,,,"arrangement of B. 61a, Evening Songs, nos. 2 and 3; see Op. 31",,,,10,70,,,,128,"3A/2,3"
,Question in G minor,Otázka,,B. 128bis,,,1882,1882,,,Piano,,,,,,,,10,70,,,,128bis,
,Impromptu in D minor,Impromptu d moll,,B. 129,,,1883,1883,,,Piano,,,,,,,,10,70,,,,129,
,Piano Trio No. 3 in F minor,Klavírní trio č. 3 f moll,Op. 65,B. 130,,,1883,1883,,,Chamber music,,,,,,,,10,70,,,,130,65
,Scherzo capriccioso in D♭ major,Scherzo capriccioso,Op. 66,B. 131,,,1883,1883,,,Orchestral,,,,,,,,10,70,,,,131,66
,Hussite Overture in C minor,"Husitská c moll, dramatická ouvertura",Op. 67,B. 132,,,1883,1883,,,Orchestral,,,,"concert overture; arranged for piano 4-hands in 1883, B. 511",,,,10,70,,,,132,67
,From the Bohemian Forest,Ze Šumavy,Op. 68,B. 133,,,1883-84,1883-84,,,Piano,,,,"6 pieces; no. 5 arranged for cello and piano in 1891, B. 173; orchestrated by Henk de Vlieger",,,,10,70,,,,133,68
,The Specter's Bride,Svatební košile,Op. 69,B. 135,,,1884,1884,,,Choral,,,,secular cantata after a ballad by Karel Jaromir Erben,,,,10,70,,,,135,69
,Dumka in C minor,Dumka c moll,Op. 12A/1,B. 136,,,1884,1884,,,Piano,,,,,,,,10,70,,,,136,12A/1
,Furiant in G minor,Furiant g moll,Op. 12A/2,B. 137,,,1884,1884,,,Piano,,,,,,,,10,70,,,,137,12A/2
,Humoresque in F♯ major,Humoreska Fis dur,,B. 138,,,1884–1892,1884–1892,,,Piano,,,,,,,,10,70,,,,138,
,Ballad in D minor,Balada d moll pro housle a klavír,Op. 15,B. 139,,,1884,1884,,,Chamber music,,,,others lost; given as no. 1,,,,10,70,,,,139,15
,The Wild Duck,Kačena divoká,,B. 140,,,1884,1884,,,Vocal,,,,lost; folk song,,,,10,70,,,,140,
,Symphony No. 7 in D minor,Symfonie č. 7 d moll,Op. 70,B. 141,I. Allegro maestoso,1,1884,1885,1885,1885,Orchestral,,,,,https://en.wikipedia.org/wiki/Symphony_No._7_(Dvo%C5%99%C3%A1k),"https://imslp.org/wiki/Symphony_No.7,_Op.70_(Dvo%C5%99%C3%A1k,_Anton%C3%ADn)",,10,70,D minor,6/8,Allegro maestoso,141,70
,Symphony No. 7 in D minor,Symfonie č. 7 d moll,Op. 70,B. 141,II. Poco adagio,2,1884,1885,1885,1885,Orchestral,,,,,https://en.wikipedia.org/wiki/Symphony_No._7_(Dvo%C5%99%C3%A1k),"https://imslp.org/wiki/Symphony_No.7,_Op.70_(Dvo%C5%99%C3%A1k,_Anton%C3%ADn)",,10,70,F major,4/4,Poco adagio,141,70
,Symphony No. 7 in D minor,Symfonie č. 7 d moll,Op. 70,B. 141,III. Scherzo. Vivace,3,1884,1885,1885,1885,Orchestral,,,,,https://en.wikipedia.org/wiki/Symphony_No._7_(Dvo%C5%99%C3%A1k),"https://imslp.org/wiki/Symphony_No.7,_Op.70_(Dvo%C5%99%C3%A1k,_Anton%C3%ADn)",,10,70,D minor,6/4,Vivace,141,70
,Symphony No. 7 in D minor,Symfonie č. 7 d moll,Op. 70,B. 141,IV. Finale. Allegro,4,1884,1885,1885,1885,Orchestral,,,,,https://en.wikipedia.org/wiki/Symphony_No._7_(Dvo%C5%99%C3%A1k),"https://imslp.org/wiki/Symphony_No.7,_Op.70_(Dvo%C5%99%C3%A1k,_Anton%C3%ADn)",,10,70,D minor,2/2,Allegro,141,70
,2 Czech Folk Poems,Dvě písně,,B. 142,,,1885,1885,,,Vocal,,,,,,,,10,70,,,,142,
,Hymn of the Czech Peasants,Hymna českého rolnictva,Op. 28A,B. 143,,,1885,1885,,,Choral,,,,secular cantata after a text by Karel Pippich,,,,10,70,,,,143,28A
,Saint Ludmila,Svatá Ludmila,Op. 71,B. 144,,,1885–86,1885–86,,,Choral,,,,"oratorio in 3 parts after a text by Jaroslav Vrchlický:
I. nos. 1-17
II. nos. 18-35
III. nos. 36-45
arranged as opera in 1901, B. 205",,,,10,70,,,,144,71
,Saint Ludmila,Svatá Ludmila,Op. 71b,B. 205,,,1901,1901,,,Opera,,,,arrangement of oratorio B. 144,,,,10,70,,,,205,71b
,"Slavonic Dances, Series II",Slovanské tance 2. řada,Op. 72,B. 145,1. (9.) Odzemek,1,1886,1886,1886,1886,Piano,,,,"8 pieces; orchestrated in 1887, B. 147",https://en.wikipedia.org/wiki/Slavonic_Dances,https://imslp.org/wiki/Slavonic_Dances%2C_Op.72_(Dvo%C5%99%C3%A1k%2C_Anton%C3%ADn),,10,70,B major,2/4,Vivace,145,72
,"Slavonic Dances, Series II",Slovanské tance 2. řada,Op. 72,B. 145,2. (10.) Dumka,2,1886,1886,1886,1886,Piano,,,,"8 pieces; orchestrated in 1887, B. 147",https://en.wikipedia.org/wiki/Slavonic_Dances,https://imslp.org/wiki/Slavonic_Dances%2C_Op.72_(Dvo%C5%99%C3%A1k%2C_Anton%C3%ADn),,10,70,E minor,3/8,Allegretto grazioso,145,72
,"Slavonic Dances, Series II",Slovanské tance 2. řada,Op. 72,B. 145,3. (11.) Skocná,3,1886,1886,1886,1886,Piano,,,,"8 pieces; orchestrated in 1887, B. 147",https://en.wikipedia.org/wiki/Slavonic_Dances,https://imslp.org/wiki/Slavonic_Dances%2C_Op.72_(Dvo%C5%99%C3%A1k%2C_Anton%C3%ADn),,10,70,F major,2/4,Allegro,145,72
,"Slavonic Dances, Series II",Slovanské tance 2. řada,Op. 72,B. 145,4. (12.) Dumka,4,1886,1886,1886,1886,Piano,,,,"8 pieces; orchestrated in 1887, B. 147",https://en.wikipedia.org/wiki/Slavonic_Dances,https://imslp.org/wiki/Slavonic_Dances%2C_Op.72_(Dvo%C5%99%C3%A1k%2C_Anton%C3%ADn),,10,70,Db major,3/8,Allegretto grazioso,145,72
,"Slavonic Dances, Series II",Slovanské tance 2. řada,Op. 72,B. 145,5. (13.) Spacírka,5,1886,1886,1886,1886,Piano,,,,"8 pieces; orchestrated in 1887, B. 147",https://en.wikipedia.org/wiki/Slavonic_Dances,https://imslp.org/wiki/Slavonic_Dances%2C_Op.72_(Dvo%C5%99%C3%A1k%2C_Anton%C3%ADn),,10,70,Bb minor,4/8,Poco Adagio — Vivace,145,72
,"Slavonic Dances, Series II",Slovanské tance 2. řada,Op. 72,B. 145,6. (14.) Polonaise,6,1886,1886,1886,1886,Piano,,,,"8 pieces; orchestrated in 1887, B. 147",https://en.wikipedia.org/wiki/Slavonic_Dances,https://imslp.org/wiki/Slavonic_Dances%2C_Op.72_(Dvo%C5%99%C3%A1k%2C_Anton%C3%ADn),,10,70,Bb major,3/4,"Moderato, quasi menuetto",145,72
,"Slavonic Dances, Series II",Slovanské tance 2. řada,Op. 72,B. 145,7. (15.) Kolo,7,1886,1886,1886,1886,Piano,,,,"8 pieces; orchestrated in 1887, B. 147",https://en.wikipedia.org/wiki/Slavonic_Dances,https://imslp.org/wiki/Slavonic_Dances%2C_Op.72_(Dvo%C5%99%C3%A1k%2C_Anton%C3%ADn),,10,70,C major,2/4,Allegro vivace,145,72
,"Slavonic Dances, Series II",Slovanské tance 2. řada,Op. 72,B. 145,8. (16.) Sousedská,8,1886,1886,1886,1886,Piano,,,,"8 pieces; orchestrated in 1887, B. 147",https://en.wikipedia.org/wiki/Slavonic_Dances,https://imslp.org/wiki/Slavonic_Dances%2C_Op.72_(Dvo%C5%99%C3%A1k%2C_Anton%C3%ADn),,10,70,Ab major,3/4,"Grazioso e lento, ma non troppo, quasi tempo di Valse",145,72
,"Slavonic Dances, Series II",Slovanské tance 2. řada,Op. 72,B. 147,1. (9.) Odzemek,1,1886,1887,1887,1887,Orchestral,,,,orchestration of B. 145,https://en.wikipedia.org/wiki/Slavonic_Dances,https://imslp.org/wiki/Slavonic_Dances%2C_Op.72_(Dvo%C5%99%C3%A1k%2C_Anton%C3%ADn),,10,70,B major,2/4,Vivace,147,72
,"Slavonic Dances, Series II",Slovanské tance 2. řada,Op. 72,B. 147,2. (10.) Dumka,2,1886,1887,1887,1887,Orchestral,,,,orchestration of B. 145,https://en.wikipedia.org/wiki/Slavonic_Dances,https://imslp.org/wiki/Slavonic_Dances%2C_Op.72_(Dvo%C5%99%C3%A1k%2C_Anton%C3%ADn),,10,70,E minor,3/8,Allegretto grazioso,147,72
,"Slavonic Dances, Series II",Slovanské tance 2. řada,Op. 72,B. 147,3. (11.) Skocná,3,1886,1887,1887,1887,Orchestral,,,,orchestration of B. 145,https://en.wikipedia.org/wiki/Slavonic_Dances,https://imslp.org/wiki/Slavonic_Dances%2C_Op.72_(Dvo%C5%99%C3%A1k%2C_Anton%C3%ADn),,10,70,F major,2/4,Allegro,147,72
,"Slavonic Dances, Series II",Slovanské tance 2. řada,Op. 72,B. 147,4. (12.) Dumka,4,1886,1887,1887,1887,Orchestral,,,,orchestration of B. 145,https://en.wikipedia.org/wiki/Slavonic_Dances,https://imslp.org/wiki/Slavonic_Dances%2C_Op.72_(Dvo%C5%99%C3%A1k%2C_Anton%C3%ADn),,10,70,Db major,3/8,Allegretto grazioso,147,72
,"Slavonic Dances, Series II",Slovanské tance 2. řada,Op. 72,B. 147,5. (13.) Spacírka,5,1886,1887,1887,1887,Orchestral,,,,orchestration of B. 145,https://en.wikipedia.org/wiki/Slavonic_Dances,https://imslp.org/wiki/Slavonic_Dances%2C_Op.72_(Dvo%C5%99%C3%A1k%2C_Anton%C3%ADn),,10,70,Bb minor,4/8,Poco Adagio — Vivace,147,72
,"Slavonic Dances, Series II",Slovanské tance 2. řada,Op. 72,B. 147,6. (14.) Polonaise,6,1886,1887,1887,1887,Orchestral,,,,orchestration of B. 145,https://en.wikipedia.org/wiki/Slavonic_Dances,https://imslp.org/wiki/Slavonic_Dances%2C_Op.72_(Dvo%C5%99%C3%A1k%2C_Anton%C3%ADn),,10,70,Bb major,3/4,"Moderato, quasi menuetto",147,72
,"Slavonic Dances, Series II",Slovanské tance 2. řada,Op. 72,B. 147,7. (15.) Kolo,7,1886,1887,1887,1887,Orchestral,,,,orchestration of B. 145,https://en.wikipedia.org/wiki/Slavonic_Dances,https://imslp.org/wiki/Slavonic_Dances%2C_Op.72_(Dvo%C5%99%C3%A1k%2C_Anton%C3%ADn),,10,70,C major,2/4,Allegro vivace,147,72
,"Slavonic Dances, Series II",Slovanské tance 2. řada,Op. 72,B. 147,8. (16.) Sousedská,8,1886,1887,1887,1887,Orchestral,,,,orchestration of B. 145,https://en.wikipedia.org/wiki/Slavonic_Dances,https://imslp.org/wiki/Slavonic_Dances%2C_Op.72_(Dvo%C5%99%C3%A1k%2C_Anton%C3%ADn),,10,70,Ab major,3/4,"Grazioso e lento, ma non troppo, quasi tempo di Valse",147,72
,In Folk Tone,V národním tónu,Op. 73,B. 146,,,1886,1886,,,Vocal,,,,"4 songs after Slovak and Czech folksongs


MENU




0:00",,,,10,70,,,,146,73
,Terzetto in C major,Terceto C dur,Op. 74,B. 148,,,1887,1887,,,Chamber music,,,,,,,,10,70,,,,148,74
,Miniatures in G minor,Drobnosti,Op. 75a,B. 149,,,1887,1887,,,Chamber music,,,,"arranged for violin and piano in 1887, B. 150",,,,10,70,,,,149,75a
,Romantic Pieces in G minor,Romantické kusy pro housle a klavír,Op. 75,B. 150,,,1887,1887,,,Chamber music,,,,arrangement of B. 149,,,,10,70,,,,150,75
,Mass in D major,Mše D dur,Op. 86a,B. 153,,,1887,1887,,,Choral,,,,"orchestrated in 1892, B. 175",,,,10,70,,,,153,86a
,Mass in D major,Mše D dur,Op. 86,B. 175,,,1892,1892,,,Choral,,,,orchestration of B. 153,,,,10,70,,,,175,86
,Piano Quintet No. 2 in A major,Klavírní kvintet č. 2 A dur,Op. 81,B. 155,,,1887,1887,,,Chamber music,,,,,,,,10,70,,,,155,81
,2 Little Pearls in F major and G minor,Dvě perličky,,B. 156,,,1887,1887,,,Piano,,,,,,,,10,70,,,,156,
,4 Songs on Poems by O. Malybrok-Stieler,Vier Lieder,Op. 82,B. 157,,,1887–88,1887–88,,,Vocal,,,,,,,,10,70,,,,157,82
,Album Leaf in E♭ major,Lístek do památníku,,B. 158,,,1888,1888,,,Piano,,,,,,,,10,70,,,,158,
,The Jacobin,Jakobín,Op. 84,B. 159,,,1888,1888,,,Opera,,,,"comic opera in 3 acts; libretto by Marie Červinková-Riegrová; revised in 1897, B. 200",,,,10,70,,,,159,84
,The Jacobin,Jakobín,Op. 84/III,B. 200,,,1897,1897,,,Opera,,,,"revision of B. 159, act III",,,,10,70,,,,200,84/III
,Love Songs,Písně milostné,Op. 83,B. 160,,,1888,1888,,,Vocal,,,,"revision of B. 11 nos. 8, 3, 9, 6, 17, 14, 2 and 4 from Cypresses;
8 songs nos. 1-8",,,,10,70,,,,160,83
,Poetic Tone Poems,Poetické nálady,Op. 85,B. 161,,,1889,1889,,,Piano,,,,13 pieces,,,,10,70,,,,161,85
,Piano Quartet No. 2 in E♭ major,Klavírní kvartet č. 2 Es dur,Op. 87,B. 162,,,1889,1889,,,Chamber music,,,,,,,,10,70,,,,162,87
,Symphony No. 8 in G major,Symfonie č. 8 G dur,Op. 88,B. 163,I. Allegro con brio,1,1889,1889,1892,1890,Orchestral,,,,"Dedicated to Franz Joseph I, Emperor of Austria",https://en.wikipedia.org/wiki/Symphony_No._8_(Dvo%C5%99%C3%A1k),"https://imslp.org/wiki/Symphony_No.8,_Op.88_(Dvo%C5%99%C3%A1k,_Anton%C3%ADn)",,10,70,G major,4/4,Allegro con brio,163,88
,Symphony No. 8 in G major,Symfonie č. 8 G dur,Op. 88,B. 163,II. Adagio,2,1889,1889,1892,1890,Orchestral,,,,"Dedicated to Franz Joseph I, Emperor of Austria",https://en.wikipedia.org/wiki/Symphony_No._8_(Dvo%C5%99%C3%A1k),"https://imslp.org/wiki/Symphony_No.8,_Op.88_(Dvo%C5%99%C3%A1k,_Anton%C3%ADn)",,10,70,Eb major,2/4,Adagio,163,88
,Symphony No. 8 in G major,Symfonie č. 8 G dur,Op. 88,B. 163,III. Allegretto grazioso — molto vivace,3,1889,1889,1892,1890,Orchestral,,,,"Dedicated to Franz Joseph I, Emperor of Austria",https://en.wikipedia.org/wiki/Symphony_No._8_(Dvo%C5%99%C3%A1k),"https://imslp.org/wiki/Symphony_No.8,_Op.88_(Dvo%C5%99%C3%A1k,_Anton%C3%ADn)",,10,70,G minor,3/8,Allegretto grazioso — molto vivace,163,88
,Symphony No. 8 in G major,Symfonie č. 8 G dur,Op. 88,B. 163,IV. Allegro ma non troppo,4,1889,1889,1892,1890,Orchestral,,,,"Dedicated to Franz Joseph I, Emperor of Austria",https://en.wikipedia.org/wiki/Symphony_No._8_(Dvo%C5%99%C3%A1k),"https://imslp.org/wiki/Symphony_No.8,_Op.88_(Dvo%C5%99%C3%A1k,_Anton%C3%ADn)",,10,70,G major,2/4,Allegro ma non troppo,163,88
,Gavotte in G minor,Gavotte,,B. 164,,,1890,1890,,,Chamber music,,,,,,,,10,70,,,,164,
,Requiem,Requiem,Op. 89,B. 165,,,1890,1890,,,Choral,,,,"oratorio in 2 parts after the Latin funerary text:
I. nos. 1-8
II. nos. 9-13",,,,10,70,,,,165,89
,"Piano Trio No. 4 in E minor ""Dumky""",Klavírní trio č. 4 e moll „Dumky“,Op. 90,B. 166,,,1890–91,1890–91,,,Chamber music,,,,,,,,10,70,,,,166,90
,Fanfares in C major,Fanfáry,,B. 167,,,1891,1891,,,Chamber music,,,,,,,,10,70,,,,167,
,"In Nature's Realm
in F major","V přírodě F dur, koncertní ouvertura",Op. 91,B. 168,,,1891,1891,,,Orchestral,,,,concert overture,,,,10,70,,,,168,91
,"Carnival
in A major","Karneval A dur, koncertní ouvertura",Op. 92,B. 169,,,1891,1891,,,Orchestral,,,,concert overture,,,,10,70,,,,169,92
,Slavonic Dance in E minor,Slovanský tanec e moll pro housle a klavír,Op. 46/2,B. 170,,,1891,1891,,,Chamber music,,,,arrangement of B. 78 no. 2,,,,10,70,,,,170,46/2
,Rondo in G minor,Rondo g moll pro violoncello a klavír,Op. 94,B. 171,,,1891,1891,,,Chamber music,,,,"orchestrated in 1893, B. 181",,,,10,70,,,,171,94
,Rondo in G minor,Rondo g moll pro violoncello a orchestr,Op. 94,B. 181,,,1893,1893,,,Concertante,,,,orchestration of B. 171,,,,10,70,,,,181,94
,Slavonic Dances in A and G minor,Slovanské tance,"Op. 46/3,8",B. 172,,,1891,1891,,,Chamber music,,,,arrangement of B. 78 nos. 3 and 8,,,,10,70,,,,172,"46/3,8"
,Silent Woods in D♭ major,Klid,Op. 68/5,B. 173,,,1891,1891,,,Chamber music,,,,"arrangement of B. 133 no. 5 from Ze Šumavy, Op. 68; first published under German title Waldesruhe; orchestrated in 1893, B. 182",,,,10,70,,,,173,68/5
,Silent Woods in D♭ major,Klid,Op. 68/5,B. 182,,,1893,1893,,,Concertante,,,,"orchestration of B. 173; no. 5 from Ze Šumavy, Op. 68",,,,10,70,,,,182,68/5
,"Othello
in F♯ minor","Othello fis moll, koncertní ouvertura",Op. 93,B. 174,,,1892,1892,,,Orchestral,,,,concert overture,,,,10,70,,,,174,93
,Te Deum,Te Deum,Op. 103,B. 176,,,1892,1892,,,Choral,,,,sacred cantata after the Latin hymn attributed to Nicetas of Remesiana,,,,10,70,,,,176,103
,The American Flag,Americký prapor,Op. 102,B. 177,,,1892–93,1892–93,,,Choral,,,,secular cantata after a poem by Joseph Rodman Drake,,,,10,70,,,,177,102
,"Symphony No. 9 in E minor ""From the New World""",Symfonie č. 9 e moll „Z nového světa“,Op. 95,B. 178,I. Adagio — Allegro molto,1,1893,1893,1894,1893,Orchestral,,452,,Also arranged for piano 4 hands (B. 521),https://en.wikipedia.org/wiki/Symphony_No._9_(Dvo%C5%99%C3%A1k),"https://imslp.org/wiki/Symphony_No.9,_Op.95_(Dvo%C5%99%C3%A1k,_Anton%C3%ADn)",,10,70,E minor,4/8,Adagio — Allegro molto,178,95
,"Symphony No. 9 in E minor ""From the New World""",Symfonie č. 9 e moll „Z nového světa“,Op. 95,B. 178,II. Largo,2,1893,1893,1894,1893,Orchestral,,127,,Also arranged for piano 4 hands (B. 521),https://en.wikipedia.org/wiki/Symphony_No._9_(Dvo%C5%99%C3%A1k),"https://imslp.org/wiki/Symphony_No.9,_Op.95_(Dvo%C5%99%C3%A1k,_Anton%C3%ADn)",,10,70,Db major,4/4,Largo,178,95
,"Symphony No. 9 in E minor ""From the New World""",Symfonie č. 9 e moll „Z nového světa“,Op. 95,B. 178,III. Molto vivace,3,1893,1893,1894,1893,Orchestral,,300,,Also arranged for piano 4 hands (B. 521),https://en.wikipedia.org/wiki/Symphony_No._9_(Dvo%C5%99%C3%A1k),"https://imslp.org/wiki/Symphony_No.9,_Op.95_(Dvo%C5%99%C3%A1k,_Anton%C3%ADn)",,10,70,E minor,3/4,Molto vivace,178,95
,"Symphony No. 9 in E minor ""From the New World""",Symfonie č. 9 e moll „Z nového světa“,Op. 95,B. 178,IV. Allegro con fuoco,4,1893,1893,1894,1893,Orchestral,,348,,Also arranged for piano 4 hands (B. 521),https://en.wikipedia.org/wiki/Symphony_No._9_(Dvo%C5%99%C3%A1k),"https://imslp.org/wiki/Symphony_No.9,_Op.95_(Dvo%C5%99%C3%A1k,_Anton%C3%ADn)",,10,70,E major,4/4,Allegro con fuoco,178,95
,"String Quartet No. 12 in F major ""American""",Smyčcový kvartet č. 12 F dur „Americký“,Op. 96,B. 179,,,1893,1893,,,Chamber music,,,,,,,,10,70,,,,179,96
,"String Quintet No. 3 in E♭ major ""American""",Smyčcový kvintet č. 3 Es dur „Americký“,Op. 97,B. 180,,,1893,1893,,,Chamber music,,,,,,,,10,70,,,,180,97
,Sonatina in G major,Sonatina G dur pro housle a klavír,Op. 100,B. 183,,,1893,1893,,,Chamber music,,,,,,,,10,70,,,,183,100
,"Suite in A major ""American""",Suita A dur,Op. 98,B. 184,,,1894,1894,,,Piano,,,,"orchestrated in 1895, B. 190",,,,10,70,,,,184,98
,"Suite in A major ""American""",Suita A dur,Op. 98b,B. 190,,,1895,1895,,,Orchestral,,,,orchestration of B. 184,,,,10,70,,,,190,98b
,Biblical Songs,Biblické písně,Op. 99,B. 185,,,1894,1894,,,Vocal,,,,"10 songs; nos. 1-5 orchestrated in 1895, B. 189",,,,10,70,,,,185,99
,Biblical Songs,Biblické písně,Op. 99/1-5,B. 189,,,1895,1895,,,Vocal,,,,orchestration of B. 185 nos. 1-5,,,,10,70,,,,189,99/1-5
,Humoresques,Humoresky,Op. 101,B. 187,,,1894,1894,,,Piano,,,,8 pieces,,,,10,70,,,,187,101
,2 Piano Pieces in G major and G minor,Dvě klavírní skladby,,B. 188,,,1894,1894,,,Piano,,,,,,,,10,70,,,,188,
,Cello Concerto in B minor,Koncert pro violoncello a orchestr h moll,Op. 104,B. 191,,,1894–95,1894–95,,,Concertante,,,,,,,,10,70,,,,191,104
,String Quartet No. 13 in G major,Smyčcový kvartet č. 13 G dur,Op. 106,B. 192,,,1895,1895,,,Chamber music,,,,,,,,10,70,,,,192,106
,String Quartet No. 14 in A♭ major,Smyčcový kvartet č. 14 As dur,Op. 105,B. 193,,,1895,1895,,,Chamber music,,,,,,,,10,70,,,,193,105
,Lullaby,Ukolébavka,,B. 194,,,1895,1895,,,Vocal,,,,song after a poem by F. L. Jelínek,,,,10,70,,,,194,
,The Water Goblin,Vodník,Op. 107,B. 195,,,1896,1896,,,Orchestral,,,,symphonic poem,,,,10,70,,,,195,107
,The Noon Witch,Polednice,Op. 108,B. 196,,,1896,1896,,,Orchestral,,,,symphonic poem; also known as The Noonday Witch,,,,10,70,,,,196,108
,The Golden Spinning Wheel,Zlatý kolovrat,Op. 109,B. 197,,,1896,1896,,,Orchestral,,,,symphonic poem,,,,10,70,,,,197,109
,The Wild Dove,Holoubek,Op. 110,B. 198,,,1896,1896,,,Orchestral,,,,symphonic poem; also known as The Wood Dove,,,,10,70,,,,198,110
,A Hero's Song,Píseň bohatýrská,Op. 111,B. 199,,,1897,1897,,,Orchestral,,,,symphonic poem,,,,10,70,,,,199,111
,The Devil and Kate,Čert a Káča,Op. 112,B. 201,,,1898–99,1898–99,,,Opera,,,,comic opera in 3 acts (fairy tale); libretto by Adolf Wenig,,,,10,70,,,,201,112
,Overture to The Devil and Kate,"Čert a Káča, předehra k opeře",Op. 112/0,B. 201a,,,1899,1899,,,Orchestral,,,,overture to the opera B. 201,,,,10,70,,,,201a,112/0
,Festival Song,Slavnostní zpěv,Op. 113,B. 202,,,1900,1900,,,Choral,,,,secular cantata after a poem by Jaroslav Vrchlický,,,,10,70,,,,202,113
,Rusalka,Rusalka,Op. 114,B. 203,,,1900,1900,,,Opera,,,,tragic opera in 3 acts (fairy tale); libretto by Jaroslav Kvapil,,,,10,70,,,,203,114
,Overture to Rusalka,"Rusalka, předehra k opeře",Op. 114/0,B. 203a,,,1900,1900,,,Orchestral,,,,overture to the opera B. 203,,,,10,70,,,,203a,114/0
,Song of the Smith of Lešetín,Zpěv z Lešetínského kováře,,B. 204,,,1901,1901,,,Vocal,,,,song after a poem by Svatopluk Čech; completed by Josef Suk,,,,10,70,,,,204,
,Armida,Armida,Op. 115,B. 206,,,1902–03,1902–03,,,Opera,,,,tragic opera in 4 acts; libretto by Jaroslav Vrchlický,,,,10,70,,,,206,115
,Overture to Armida,"Armida, předehra k opeře",Op. 115/0,B. 206a,,,1903,1903,,,Orchestral,,,,overture to the opera B. 206,,,,10,70,,,,206a,115/0
,Preludes and Fugues,Praeludien und Fugen,,B. 302,,,1859,1859,,,Organ,,,,8 pieces,,,,10,70,,,,302,
,2 Irish Songs,Dvě irské písně,,B. 601,,,1878,1878,,,Choral,,,,arrangement of Robert Maver's songs,,,,10,70,,,,601,
,Old Folks at Home,Old Folks at Home,,B. 605,,,1894,1894,,,Choral,,,,arrangement of Stephen Foster's song,,,,10,70,,,,605,